-- MySQL dump 10.13  Distrib 5.7.19, for Linux (x86_64)
--
-- Host: localhost    Database: ems
-- ------------------------------------------------------
-- Server version	5.7.19-0ubuntu0.16.04.1

/*!40101 SET @OLD_CHARACTER_SET_CLIENT=@@CHARACTER_SET_CLIENT */;
/*!40101 SET @OLD_CHARACTER_SET_RESULTS=@@CHARACTER_SET_RESULTS */;
/*!40101 SET @OLD_COLLATION_CONNECTION=@@COLLATION_CONNECTION */;
/*!40101 SET NAMES utf8 */;
/*!40103 SET @OLD_TIME_ZONE=@@TIME_ZONE */;
/*!40103 SET TIME_ZONE='+00:00' */;
/*!40014 SET @OLD_UNIQUE_CHECKS=@@UNIQUE_CHECKS, UNIQUE_CHECKS=0 */;
/*!40014 SET @OLD_FOREIGN_KEY_CHECKS=@@FOREIGN_KEY_CHECKS, FOREIGN_KEY_CHECKS=0 */;
/*!40101 SET @OLD_SQL_MODE=@@SQL_MODE, SQL_MODE='NO_AUTO_VALUE_ON_ZERO' */;
/*!40111 SET @OLD_SQL_NOTES=@@SQL_NOTES, SQL_NOTES=0 */;

--
-- Table structure for table `patient`
--

DROP TABLE IF EXISTS `patient`;
/*!40101 SET @saved_cs_client     = @@character_set_client */;
/*!40101 SET character_set_client = utf8 */;
CREATE TABLE `patient` (
  `id` int(11) NOT NULL AUTO_INCREMENT,
  `name` varchar(50) DEFAULT NULL,
  `phone` varchar(50) DEFAULT NULL,
  `birthdate` varchar(50) DEFAULT NULL,
  `address` varchar(50) DEFAULT NULL,
  `description` varchar(225) DEFAULT NULL,
  `image_name` varchar(200) DEFAULT NULL,
  `image_url` varchar(200) DEFAULT NULL,
  PRIMARY KEY (`id`)
) ENGINE=InnoDB AUTO_INCREMENT=12 DEFAULT CHARSET=latin1;
/*!40101 SET character_set_client = @saved_cs_client */;

--
-- Dumping data for table `patient`
--

LOCK TABLES `patient` WRITE;
/*!40000 ALTER TABLE `patient` DISABLE KEYS */;
INSERT INTO `patient` VALUES (2,'Ni Ketut Natri','','','tabanan','','IMG20171122175434.jpg','http://mambangsehat.com/static/img/profile/IMG20171122175434.jpg'),(3,'Ni Ketut Kerti','','','Mambang Gede','','IMG20171122174154.jpg','http://mambangsehat.com/static/img/profile/IMG20171122174154.jpg'),(4,'Pekak Alin','','','Mambang Gede ','','IMG20171122190009.jpg','http://mambangsehat.com/static/img/profile/IMG20171122190009.jpg'),(5,'MBAH ADI','','80','Mambang Gede, Ds Mambang, Seltim, Tabanan','','IMG20171212185758.jpg','http://mambangsehat.com/static/img/profile/IMG20171212185758.jpg'),(6,'MBAH SUKA','','85','Mambang Gede, Ds Mambang, Seltim, Tabanan','','IMG20171212190434.jpg','http://mambangsehat.com/static/img/profile/IMG20171212190434.jpg'),(7,'MBAH DEVI','','65','Mambang Gede, Ds Mambang, Seltim, Tabanan','','IMG20171212180606.jpg','http://mambangsehat.com/static/img/profile/IMG20171212180606.jpg'),(8,'PEKAK DEVI','','78','Mambang Gede, Ds Mambang, Seltim, Tabanan','','IMG20171212181137.jpg','http://mambangsehat.com/static/img/profile/IMG20171212181137.jpg'),(9,'I WAYAN DARBA','','85','Mambang Gede, Ds Mambang, Seltim, Tabanan','','C360_2017-12-09-15-14-10-6001.jpg','http://mambangsehat.com/static/img/profile/C360_2017-12-09-15-14-10-6001.jpg'),(10,'I NYOMAN SUKANTRA ( PEKAK INDRA )','','69','Mambang Gede, Ds Mambang, Seltim, Tabanan','','IMG20171212183713.jpg','http://mambangsehat.com/static/img/profile/IMG20171212183713.jpg'),(11,'NI KETUT SUNDRI','','66','Mambang Gede, Ds Mambang, Seltim, Tabanan','','IMG20171212183708.jpg','http://mambangsehat.com/static/img/profile/IMG20171212183708.jpg');
/*!40000 ALTER TABLE `patient` ENABLE KEYS */;
UNLOCK TABLES;

--
-- Table structure for table `report`
--

DROP TABLE IF EXISTS `report`;
/*!40101 SET @saved_cs_client     = @@character_set_client */;
/*!40101 SET character_set_client = utf8 */;
CREATE TABLE `report` (
  `id` int(11) NOT NULL AUTO_INCREMENT,
  `title` varchar(100) DEFAULT NULL,
  `report` varchar(225) DEFAULT NULL,
  `comment` varchar(225) DEFAULT NULL,
  `image_name` varchar(200) DEFAULT NULL,
  `image_url` varchar(200) DEFAULT NULL,
  `date` datetime DEFAULT NULL,
  `doctor` varchar(50) DEFAULT NULL,
  `owner_id` int(11) DEFAULT NULL,
  PRIMARY KEY (`id`),
  KEY `owner_id` (`owner_id`),
  CONSTRAINT `report_ibfk_1` FOREIGN KEY (`owner_id`) REFERENCES `patient` (`id`)
) ENGINE=InnoDB AUTO_INCREMENT=103 DEFAULT CHARSET=latin1;
/*!40101 SET character_set_client = @saved_cs_client */;

--
-- Dumping data for table `report`
--

LOCK TABLES `report` WRITE;
/*!40000 ALTER TABLE `report` DISABLE KEYS */;
INSERT INTO `report` VALUES (3,'Kontrol tensi','Tekanan darah : 140/90 mmHg\r\nGula darah : 88 mg/dL','Tekanan darah dan gula darah dalam batas normal','IMG20171122175516.jpg','http://mambangsehat.com/static/img/profile/IMG20171122175516.jpg','2017-11-24 09:15:38','Dekyani',2),(4,'KONTROL TENSI','tensi : 120/80 mmHg, pasien tidak ada keluhan','tekanan darah dalam batas normal,','IMG20171212192623.jpg','http://mambangsehat.com/static/img/profile/IMG20171212192623.jpg','2017-12-12 21:30:53','Dekyani',2),(5,'KONTROL TENSI','tensi : 160/90 mmHg\r\ngula darah : 110 mg/dL','tekanan darah meningkat, obat tensi diberikan amlodipin 1 x 10 mg \r\ngula darah dalam batas normal','IMG201711221743281.jpg','http://mambangsehat.com/static/img/profile/IMG201711221743281.jpg','2017-12-12 21:45:36','Dekyani',3),(6,'KONTROL TENSI','tensi : 130/80 mmHg\r\nasam urat : awal 7,8 mg/dl\r\nasam urat : hari ini 4,8 mg/dl\r\n\r\n\r\n\r\n\r\n\r\n\r\n\r\n\r\n\r\n\r\n\r\n\r\n\r\n','tekanan darah normal, asam urat meningkat, diberikan terapi allupurinol 1x 300mg, setelah 10 hari pemberian terapi kadar asam urat normal','IMG20171212191149.jpg','http://mambangsehat.com/static/img/profile/IMG20171212191149.jpg','2017-12-12 21:55:38','Dekyani',4),(7,'KONTROL TENSI','tensi : 120 /80 mmhg\r\ngula darah : 80 mg/dl','tekanan darah dan gula dalam batas normal','IMG20171212185758_1.jpg','http://mambangsehat.com/static/img/profile/IMG20171212185758_1.jpg','2017-12-12 22:04:28','Dekyani',5),(8,'KONTROL TENSI','tensi : 130/80 mmhg','pasien terbaring di tempat tidur, tidak ada keluhan dan tekanan daah dalam batas normal','IMG20171212190434_1.jpg','http://mambangsehat.com/static/img/profile/IMG20171212190434_1.jpg','2017-12-12 22:11:04','Dekyani',6),(9,'KONTROL TENSI','tensi : 130/80 mmhg','tekanan darah normal, pasien setiap bulan rutin kontrol ke rumah sakit. ','IMG20171212180715.jpg','http://mambangsehat.com/static/img/profile/IMG20171212180715.jpg','2017-12-12 22:15:01','Dekyani',7),(10,'kontrol tensi','tensi : 120 / 80 mmhg\r\ngula darah : 71 mg/dl','tekanan dalam batas normal , pasien mempunyai riwayat dengan DM dan Hipertensi, pasien rutin kontrol ke rumah sakit','IMG20171212181141.jpg','http://mambangsehat.com/static/img/profile/IMG20171212181141.jpg','2017-12-12 22:21:53','Dekyani',8),(11,'KONTROL TENSI','tensi : 140 / 80 mmhg\r\ngula darah : 110mg/dl','tekanan darah dan gula darah dalam batas normal','C360_2017-12-09-15-14-10-600.jpg','http://mambangsehat.com/static/img/profile/C360_2017-12-09-15-14-10-600.jpg','2017-12-12 22:31:57','Dekyani',9),(12,'KONTROL TENSI','tensi : 150 / 90 mmhg','tekanan darah meningkat, belum diberikan terapi. anjurkan pasien mengurangi konsumsi garam','IMG20171212182930.jpg','http://mambangsehat.com/static/img/profile/IMG20171212182930.jpg','2017-12-12 22:40:36','Dekyani',10),(13,'KONTROL TENSI','tensi : 120 /80 mmhg','tekanan darah dalam batas normal','IMG20171212183321.jpg','http://mambangsehat.com/static/img/profile/IMG20171212183321.jpg','2017-12-12 22:44:08','Dekyani',11),(14,'KONTROL TENSI','tekanan darah 130/90 mmhg','tekanan darah normal, tingkatkan istirahat dan makan minum yang cukup','IMG201801010942021.jpg','http://mambangsehat.com/static/img/profile/IMG201801010942021.jpg','2018-01-06 12:35:28','Dekyani',2),(15,'KONTROL TENSI','tekanan dara 120/80 mmhg','tekanan darah normal, istirahat yang cukup, kurangi konsumsi garam, dan obat tensi dilanjutkan','IMG201801010846441.jpg','http://mambangsehat.com/static/img/profile/IMG201801010846441.jpg','2018-01-06 12:41:44','Dekyani',3),(16,'KONTROL TENSI','tekanan darah  120/80 mmhg','tekanan darah normal, perbanyak makan dan minum kurangi pekerjaan yang terlalu berat','IMG201801010854511.jpg','http://mambangsehat.com/static/img/profile/IMG201801010854511.jpg','2018-01-06 12:47:58','Dekyani',4),(17,'KONTROL TENSI','tekanan darah 130/90 mmhg, pasien terbaring di tempat tidur','keadaan umum pasien normal, pengelihatan kabur, obat tensi dilanjutkan, perbanyak makan dan minum,','IMG201801010910491.jpg','http://mambangsehat.com/static/img/profile/IMG201801010910491.jpg','2018-01-06 12:53:11','Dekyani',5),(18,'KONTROL TENSI','tekanan darah 120/80 mmhg\r\npasien sedang makan dan mampu makan sendiri','tekanan darah normal, pasien mampu duduk sendiri. tidak perlu tambahan vitamin karena keadaan umum pasien baik. ','IMG201801010914051.jpg','http://mambangsehat.com/static/img/profile/IMG201801010914051.jpg','2018-01-06 13:17:41','Dekyani',6),(19,'KONTROL TENSI','tekanan darah 130/80','tekanan darah dalam batas normal,','IMG201801010844241.jpg','http://mambangsehat.com/static/img/profile/IMG201801010844241.jpg','2018-01-06 16:43:42','Dekyani',9),(20,'KONTROL TENSI','tekanan darah 120/80 mmhg','tekanan darah normal setelah dilakukan pengecekan kembali, tensi meningkat minggu yg lalu mungkin diakibatkan istirahat yang kurang, ','IMG201801010830101.jpg','http://mambangsehat.com/static/img/profile/IMG201801010830101.jpg','2018-01-06 16:46:50','Dekyani',10),(21,'KONTROL TENSI','tekanan darah 120/80 mmhg','keadaan umum pasien sangat bagus, tekanan dalam batas normal','IMG201801010831221.jpg','http://mambangsehat.com/static/img/profile/IMG201801010831221.jpg','2018-01-06 16:50:49','Dekyani',11),(22,'kontrol tensi','tekanan darah : 120 / 80 mmhg','tekanan darah normal','IMG201801141129061.jpg','http://mambangsehat.com/static/img/profile/IMG201801141129061.jpg','2018-01-16 14:44:04','Dekyani',2),(23,'kontrol tensi','tekanan darah : 120 / 80 mmhg','tekanan darah normal','IMG20180114111112.jpg','http://mambangsehat.com/static/img/profile/IMG20180114111112.jpg','2018-01-16 14:47:42','Dekyani',3),(24,'massage','pijat seluruh tubuh','tujuan pijat hanya untuk merilekskan pasien agar tidur lebih nyaman','IMG20180114111935.jpg','http://mambangsehat.com/static/img/profile/IMG20180114111935.jpg','2018-01-16 14:52:20','Dekyani',3),(25,'kontrol','tekanan darah 120/80 mmhg','tekanandarah normal','IMG20180114111658.jpg','http://mambangsehat.com/static/img/profile/IMG20180114111658.jpg','2018-01-16 14:54:35','Dekyani',4),(26,'kontrol tensi','tekanan darah : 130 / 80 mmhg','tekanan darah normal','IMG20180114105830.jpg','http://mambangsehat.com/static/img/profile/IMG20180114105830.jpg','2018-01-16 14:58:45','Dekyani',5),(27,'kontrol tensi','tekanan darah : 120 / 80 mmhg','tekanan darah normal','IMG20180114110434.jpg','http://mambangsehat.com/static/img/profile/IMG20180114110434.jpg','2018-01-16 15:21:44','Dekyani',6),(28,'kontrol tensi','tekanan darah : 110 / 70 mmhg','tekanan darah stabil','IMG20180114100915.jpg','http://mambangsehat.com/static/img/profile/IMG20180114100915.jpg','2018-01-16 15:27:36','Dekyani',7),(29,'kontrol tensi','tekanan darah : 130 / 80 mmhg','tekanan darah normal','IMG20180114101211.jpg','http://mambangsehat.com/static/img/profile/IMG20180114101211.jpg','2018-01-16 15:30:39','Dekyani',8),(30,'kontrol tensi','tekanan darah : 120 / 80 mmhg','tekanan darah normal','IMG20180114102327.jpg','http://mambangsehat.com/static/img/profile/IMG20180114102327.jpg','2018-01-16 15:32:30','Dekyani',10),(31,'kontrol tensi','tekanan darah : 120/ 80 mmhg','tekanan darah normal','IMG20180114102533.jpg','http://mambangsehat.com/static/img/profile/IMG20180114102533.jpg','2018-01-16 15:33:49','Dekyani',11),(32,'massage','pijat seluruh tubuh','pijat dilakukan dengan tujuan merilekskan pasien agar tidak terlalu tegang dan pasien lebih nyaman tidur','IMG20180114102740.jpg','http://mambangsehat.com/static/img/profile/IMG20180114102740.jpg','2018-01-16 15:36:38','Dekyani',10),(33,'kontrol tensi','tekanan darah 130/90 mmhg','tekanan darah normal','IMG201801211707571.jpg','http://mambangsehat.com/static/img/profile/IMG201801211707571.jpg','2018-01-24 14:07:28','Dekyani',2),(34,'kontrol tensi','tekanan darah 130/80 mmhg','tekanan darah normal','IMG201801211535301.jpg','http://mambangsehat.com/static/img/profile/IMG201801211535301.jpg','2018-01-24 14:10:56','Dekyani',3),(35,'kontrol tensi','tekanan darah 120/80 mmhg','tekanan darah normal','IMG201801211531481.jpg','http://mambangsehat.com/static/img/profile/IMG201801211531481.jpg','2018-01-24 14:51:50','Dekyani',4),(36,'kontrol tensi','tekanan darah 130/80 mmhg','tekanan darah normal','IMG201801211519381.jpg','http://mambangsehat.com/static/img/profile/IMG201801211519381.jpg','2018-01-24 14:58:06','Dekyani',5),(37,'kontrol tensi','tekanan darah 110 /80 mmhg','tekanan darah normal','IMG201801211522401.jpg','http://mambangsehat.com/static/img/profile/IMG201801211522401.jpg','2018-01-24 15:05:52','Dekyani',6),(38,'kontrol tensi','tekanan darah 130/90 mmhg','tekanan darah normal','IMG201801211622591.jpg','http://mambangsehat.com/static/img/profile/IMG201801211622591.jpg','2018-01-24 15:26:25','Dekyani',7),(39,'kontrol tensi','tekanan darah 120/80 mmhg','tekanan darah normal','IMG201801211624131.jpg','http://mambangsehat.com/static/img/profile/IMG201801211624131.jpg','2018-01-24 15:39:31','Dekyani',8),(40,'kontrol tensi','tekanan darah 120 /80 mmhg','tekanan darah normal','IMG201801211641281.jpg','http://mambangsehat.com/static/img/profile/IMG201801211641281.jpg','2018-01-24 16:43:53','Dekyani',10),(41,'kontrol tensi','tekanan darah 120 / 80 mmhg','tekanan darah normal','IMG201801211647291.jpg','http://mambangsehat.com/static/img/profile/IMG201801211647291.jpg','2018-01-24 16:48:27','Dekyani',11),(42,'kontrol tensi','tekanan darah 120/80 mmhg','tekanan darah normal','IMG201802061517171.jpg','http://mambangsehat.com/static/img/profile/IMG201802061517171.jpg','2018-02-06 17:58:10','Dekyani',3),(43,'kontrol tensi','tekanan darah 120 / 80 mmhg','tekanan darah normal','IMG20180206151547.jpg','http://mambangsehat.com/static/img/profile/IMG20180206151547.jpg','2018-02-06 18:05:24','Dekyani',4),(44,'kontrol tensi','tekanan darah 130 / 90 mmhg','tekanan darah normal','IMG20180203133543.jpg','http://mambangsehat.com/static/img/profile/IMG20180203133543.jpg','2018-02-06 18:07:48','Dekyani',5),(45,'kontrol tensi','tekanan darah 120 / 80 mmhg','tekanan darah normal','IMG20180203134657.jpg','http://mambangsehat.com/static/img/profile/IMG20180203134657.jpg','2018-02-06 18:24:58','Dekyani',6),(46,'kontrol tensi','tekanan darah 120 / 80 mmhg','tekanan darah normal','IMG20180128103807.jpg','http://mambangsehat.com/static/img/profile/IMG20180128103807.jpg','2018-02-06 18:28:11','Dekyani',7),(47,'kontrol tensi','tekanan darah 130 / 90 mmhg','tekanan darah normal','IMG20180128103545.jpg','http://mambangsehat.com/static/img/profile/IMG20180128103545.jpg','2018-02-06 18:34:08','Dekyani',8),(48,'kontrol tensi','tekanan darah 130 / 80 mmhg','tekanan darah normal','IMG20180128104801.jpg','http://mambangsehat.com/static/img/profile/IMG20180128104801.jpg','2018-02-06 18:37:57','Dekyani',10),(49,'kontrol tensi','tekanan darah 120/ 80 mmhg','tekanan darah normal','IMG20180128104657.jpg','http://mambangsehat.com/static/img/profile/IMG20180128104657.jpg','2018-02-06 18:41:47','Dekyani',11),(50,'KONTROL TENSI','tekanan darah  130/ 90 mmhg','tekanan darah dalam batas normal','IMG20180218093751.jpg','http://mambangsehat.com/static/img/profile/IMG20180218093751.jpg','2018-02-18 20:41:49','Dekyani',2),(51,'KONTROL TENSI','tekanan darah 130/90 mmhg','tekanan darah dalam batas normal','IMG20180217150847.jpg','http://mambangsehat.com/static/img/profile/IMG20180217150847.jpg','2018-02-18 21:32:26','Dekyani',3),(52,'KONTROL TENSI','tekanan darah 130/90 mmhg','tekanan darah dalam batas normal','IMG20180217150446.jpg','http://mambangsehat.com/static/img/profile/IMG20180217150446.jpg','2018-02-18 22:04:59','Dekyani',4),(53,'KONTROL TENSI','tekanan darah 130/80 mmhg','tekanan darah dalam batas normal','IMG20180217144729.jpg','http://mambangsehat.com/static/img/profile/IMG20180217144729.jpg','2018-02-18 22:10:26','Dekyani',5),(54,'KONTROL TENSI','tekanan darah 120 / 80 mmhg','tekanan darah dalam batas normal','IMG20180217150009.jpg','http://mambangsehat.com/static/img/profile/IMG20180217150009.jpg','2018-02-18 22:14:30','Dekyani',6),(55,'KONTROL TENSI','tekanan darrah 110/80 mmhg','tekanan darah dalam batas normal','IMG20180218163915.jpg','http://mambangsehat.com/static/img/profile/IMG20180218163915.jpg','2018-02-18 22:18:14','Dekyani',7),(56,'KONTROL TENSI','tekanan darah 130 /90 mmhg','tekanan darah dalam batas normal','IMG20180218164122.jpg','http://mambangsehat.com/static/img/profile/IMG20180218164122.jpg','2018-02-18 22:27:09','Dekyani',8),(57,'KONTROL TENSI','tekanan dara 130 /90 mmhg','tekanan darah dalam batas normal','IMG20180210160928.jpg','http://mambangsehat.com/static/img/profile/IMG20180210160928.jpg','2018-02-18 22:37:20','Dekyani',9),(58,'KONTROL TENSI','tekanan darah 130/90 mmhg','tekanan darah dalam batas normal','IMG20180217154126.jpg','http://mambangsehat.com/static/img/profile/IMG20180217154126.jpg','2018-02-18 22:45:32','Dekyani',10),(59,'k','tekanan darah 120 / 80 mmhg','tekanan darah darah dalam batas normal','IMG20180217154209.jpg','http://mambangsehat.com/static/img/profile/IMG20180217154209.jpg','2018-02-18 23:11:26','Dekyani',11),(60,'KONTROL TENSI','tekanan darah 130 / 90 mmhg','tekanan darah dalam batas normal','IMG20180227102009.jpg','http://mambangsehat.com/static/img/profile/IMG20180227102009.jpg','2018-02-28 17:18:03','Dekyani',2),(61,'KONTROL TENSI','tekanan darah 120 / 80 mmhg','tekanan darah dalam batas normal','IMG20180227101442.jpg','http://mambangsehat.com/static/img/profile/IMG20180227101442.jpg','2018-02-28 17:19:57','Dekyani',3),(62,'KONTROL TENSI','tekanan darah 110 /80 mmhg','tekanan darah dalam batas normal','IMG20180227101142.jpg','http://mambangsehat.com/static/img/profile/IMG20180227101142.jpg','2018-02-28 17:22:05','Dekyani',4),(63,'KONTROL TENSI','tekanan darah 120 / 80 mmhg','tekanan darah dalam batas normal','IMG20180227094137.jpg','http://mambangsehat.com/static/img/profile/IMG20180227094137.jpg','2018-02-28 17:25:21','Dekyani',5),(64,'KONTROL TENSI','tekanan darah 120 / 80 mmhg','tekanan darah dalam batas normal','IMG20180227094500.jpg','http://mambangsehat.com/static/img/profile/IMG20180227094500.jpg','2018-02-28 17:29:22','Dekyani',6),(65,'KONTROL TENSI','tekanan darah 140 / 90 mmhg','tekanan darah dalam batas normal','IMG20180217170404.jpg','http://mambangsehat.com/static/img/profile/IMG20180217170404.jpg','2018-02-28 17:35:39','Dekyani',9),(66,'Kontrol tensi ','Tekanan darah 130/80 mmhg','Tekanan darah dalam batas normal','IMG20180304114722.jpg','http://mambangsehat.com/static/img/profile/IMG20180304114722.jpg','2018-03-06 09:13:09','Dekyani',3),(67,'Kontrol tensi ','Tekanan darah 120/80 mmhg','Tekanan darah dalam batas normal','IMG20180304113053.jpg','http://mambangsehat.com/static/img/profile/IMG20180304113053.jpg','2018-03-06 09:14:28','Dekyani',5),(68,'Pijat','Relaksasi','Pasien tampak tenang','IMG20180304111354.jpg','http://mambangsehat.com/static/img/profile/IMG20180304111354.jpg','2018-03-06 09:15:45','Dekyani',5),(69,'Kontrol tensi ','Tekanan darah 110/80 mmhg','Tekanan darah dalam batas normal','IMG20180304113727.jpg','http://mambangsehat.com/static/img/profile/IMG20180304113727.jpg','2018-03-06 09:16:40','Dekyani',6),(70,'Kontrol tensi ','Tekanan darah 120 / 80 mmhg','Tekanan darah dalam batas normal','IMG20180304115415.jpg','http://mambangsehat.com/static/img/profile/IMG20180304115415.jpg','2018-03-06 09:18:40','Dekyani',7),(71,'Kontrol tensi ','Tekanan darah 120 / 80 mmhg','Tekanan darah dalam batas normal','IMG20180304115206.jpg','http://mambangsehat.com/static/img/profile/IMG20180304115206.jpg','2018-03-06 09:32:47','Dekyani',8),(73,'Pijat','Relaksasi','Pasien diberikan relaksasi untuk melemaskan otot-otot yang tegang sehingga pasien merasa lebih nyaman','IMG20180304103140.jpg','http://mambangsehat.com/static/img/profile/IMG20180304103140.jpg','2018-03-06 09:38:40','Dekyani',10),(74,'Kontrol tensi ','Tekanan darah 120 /80 mmhg','Tekanan darah dalam batas normal','IMG20180304101713_1.jpg','http://mambangsehat.com/static/img/profile/IMG20180304101713_1.jpg','2018-03-06 09:41:45','Dekyani',11),(75,'Kontrol tensi ','Tekanan darah 130 /90 mmhg','Tekanan darah 130 / 90 mmhg','IMG20180304102104.jpg','http://mambangsehat.com/static/img/profile/IMG20180304102104.jpg','2018-03-06 09:43:49','Dekyani',10),(76,'Kontrol tensi ','Tekanan darah 130/90 mmhg','Tekanan darah dalam batas normal','IMG20180311101250.jpg','http://mambangsehat.com/static/img/profile/IMG20180311101250.jpg','2018-03-14 11:27:55','Dekyani',2),(77,'Kontrol tensi ','Tekanan darah 120/80 mmhg','Tekanan dalam batas normal','IMG20180311101706.jpg','http://mambangsehat.com/static/img/profile/IMG20180311101706.jpg','2018-03-14 11:31:23','Dekyani',3),(78,'Kontrol tensi ','Tekanan darah 120/80 mmhg','Tekanan darah dalam batas normal','IMG20180311102329.jpg','http://mambangsehat.com/static/img/profile/IMG20180311102329.jpg','2018-03-14 11:34:59','Dekyani',4),(79,'Kontrol tensi ','Tekanan darah 120/80','Tekanan darah dalam batas normal','IMG20180311102835.jpg','http://mambangsehat.com/static/img/profile/IMG20180311102835.jpg','2018-03-14 11:37:20','Dekyani',5),(80,'Kontrol tensi ','Tekanan darah 110/80 mmhg','Tekanan darah dalam batas normal','IMG20180311103212.jpg','http://mambangsehat.com/static/img/profile/IMG20180311103212.jpg','2018-03-14 11:40:45','Dekyani',6),(81,'Kontrol tensi ','Tekanan darah 120/80mmhg','Tekanan darah dalam batas normal','IMG20180311100058.jpg','http://mambangsehat.com/static/img/profile/IMG20180311100058.jpg','2018-03-14 11:43:54','Dekyani',7),(82,'Kontrol tensi ','Tekanan darah 130/90 mmhg','Tekanan darah dalam batas normal','IMG20180311100208.jpg','http://mambangsehat.com/static/img/profile/IMG20180311100208.jpg','2018-03-14 11:47:36','Dekyani',8),(83,'Kontrol tensi ','Tekanan darah 120/80 mmhg','Tekanan darah dalam batas normal','IMG20180311104846.jpg','http://mambangsehat.com/static/img/profile/IMG20180311104846.jpg','2018-03-14 11:54:03','Dekyani',10),(84,'Kontrol tensi ','Tekanan darah 120/80 mmhg','Tekanan darah dalam batas normal','IMG20180311104810.jpg','http://mambangsehat.com/static/img/profile/IMG20180311104810.jpg','2018-03-14 12:00:57','Dekyani',11),(85,'Kontrol tensi ','Tekanan darah 130/80 mmhg','Tekanan darah dalam batas normal','IMG20180325101109.jpg','http://mambangsehat.com/static/img/profile/IMG20180325101109.jpg','2018-04-01 08:12:25','Dekyani',2),(86,'Pemeriksaan mata','Penurunan fungsi mata','Istirahat yang cukup, penurunan fungsi mata terjadi akibat usia, menyebabkan pengelihatan mulai kabur','IMG20180325104530.jpg','http://mambangsehat.com/static/img/profile/IMG20180325104530.jpg','2018-04-01 08:16:11','Dekyani',2),(87,'Kontrol tensi ','Tekanan darah 120/80 mmhg','Tekanan darah dalam batas normal','IMG20180325105322.jpg','http://mambangsehat.com/static/img/profile/IMG20180325105322.jpg','2018-04-01 08:19:54','Dekyani',3),(88,'Kontrol tensi ','Tekanan darah 120/80 mmhg','Tekanan darah dalam batas normal','IMG20180325100022.jpg','http://mambangsehat.com/static/img/profile/IMG20180325100022.jpg','2018-04-01 08:23:50','Dekyani',5),(89,'Kontrol tensi ','Tekanan darah 120/80 mmhg','Tekanan darah dalam batas normal','IMG20180325100424.jpg','http://mambangsehat.com/static/img/profile/IMG20180325100424.jpg','2018-04-01 08:28:28','Dekyani',6),(90,'Kontrol tensi ','Tekanan darah 120/80 mmhg','Tekanan darah normal, pasien rutin kontrol ke rumah sakit','IMG20180325111148.jpg','http://mambangsehat.com/static/img/profile/IMG20180325111148.jpg','2018-04-01 08:35:18','Dekyani',7),(91,'Kontrol tensi ','Tekanan darah 130/80mmhg','Tekanan darah dalam batas normal','IMG20180325111334.jpg','http://mambangsehat.com/static/img/profile/IMG20180325111334.jpg','2018-04-01 08:42:56','Dekyani',8),(92,'Kontrol tensi ','Tekanan darah 110/80 mmhg','Tekanan darah dalam batas normal','IMG20180325110356.jpg','http://mambangsehat.com/static/img/profile/IMG20180325110356.jpg','2018-04-01 08:51:42','Dekyani',10),(93,'Kontrol tensi ','Tekanan darah 120/80 mmhg','Tekanan darah dalam batas normal','IMG20180325110300.jpg','http://mambangsehat.com/static/img/profile/IMG20180325110300.jpg','2018-04-01 08:57:43','Dekyani',11),(94,'Kontrol tensi ','Tekanan darah 120/80 mmhg','Tekanan darah dalam batas normal','IMG20180408091839.jpg','http://mambangsehat.com/static/img/profile/IMG20180408091839.jpg','2018-04-08 14:54:55','Dekyani',2),(95,'Kontrol tensi ','Tekanan darah 120/80','Tekanan darah dalam batas normal','IMG20180408095347.jpg','http://mambangsehat.com/static/img/profile/IMG20180408095347.jpg','2018-04-10 12:44:33','Dekyani',3),(96,'Kontrol tensi ','Tekanan darah 120/80 ','Tekanan darah dalam batas normal','IMG20180408092741.jpg','http://mambangsehat.com/static/img/profile/IMG20180408092741.jpg','2018-04-10 12:45:51','Dekyani',4),(97,'Kontrol tensi ','Tekanan darah 120/80 mmhg','Tekanan darah dalam batas normal','IMG20180408093056.jpg','http://mambangsehat.com/static/img/profile/IMG20180408093056.jpg','2018-04-10 12:47:30','Dekyani',5),(98,'Kontrol tensi ','Tekanan darah 110/80 mmhg','Tekanan darah dalam batas normal','IMG20180408094726.jpg','http://mambangsehat.com/static/img/profile/IMG20180408094726.jpg','2018-04-10 12:49:00','Dekyani',6),(99,'Kontrol tensi ','Tekanan darah 120/80 mmhg','Tekanan darah dalam batas normal','IMG20180408101506.jpg','http://mambangsehat.com/static/img/profile/IMG20180408101506.jpg','2018-04-10 12:58:21','Dekyani',7),(100,'Kontrol tensi ','Tekanan darah 130/80 mmhg','Tekanan darah dapam batas normal','IMG20180408101828.jpg','http://mambangsehat.com/static/img/profile/IMG20180408101828.jpg','2018-04-10 13:00:20','Dekyani',8),(101,'Kontrol tensi ','Tekanan darah 120/80','Tekanan darah dalam batas normal','IMG20180408102552.jpg','http://mambangsehat.com/static/img/profile/IMG20180408102552.jpg','2018-04-10 13:16:03','Dekyani',10),(102,'Kontrol tensi ','Tekanan darah 120/80 mmhg','Tekanan darah dalam batas normal','IMG20180408103149.jpg','http://mambangsehat.com/static/img/profile/IMG20180408103149.jpg','2018-04-10 13:18:14','Dekyani',11);
/*!40000 ALTER TABLE `report` ENABLE KEYS */;
UNLOCK TABLES;

--
-- Table structure for table `user`
--

DROP TABLE IF EXISTS `user`;
/*!40101 SET @saved_cs_client     = @@character_set_client */;
/*!40101 SET character_set_client = utf8 */;
CREATE TABLE `user` (
  `id` int(11) NOT NULL AUTO_INCREMENT,
  `username` varchar(50) DEFAULT NULL,
  `full_name` varchar(100) DEFAULT NULL,
  `phone` varchar(100) DEFAULT NULL,
  `email` varchar(100) DEFAULT NULL,
  `password` varchar(150) DEFAULT NULL,
  `address` varchar(100) DEFAULT NULL,
  `image_name` varchar(200) DEFAULT NULL,
  `image_url` varchar(200) DEFAULT NULL,
  `role` varchar(50) DEFAULT NULL,
  PRIMARY KEY (`id`),
  UNIQUE KEY `username` (`username`),
  UNIQUE KEY `email` (`email`)
) ENGINE=InnoDB AUTO_INCREMENT=23 DEFAULT CHARSET=latin1;
/*!40101 SET character_set_client = @saved_cs_client */;

--
-- Dumping data for table `user`
--

LOCK TABLES `user` WRITE;
/*!40000 ALTER TABLE `user` DISABLE KEYS */;
INSERT INTO `user` VALUES (1,'usersatu','User Satu','0812345678','usersatu@mail.com','sha256$PcrNyI9n$3896e58633679d08b76929c0e77a043cdbe36fb290432337a120e9454c3c3cec','Tabanan','user.jpg','http://127.0.0.1:5000/static/img/profile/user.jpg','user'),(2,'userdua','User Dua','0812345678','userdua@mail.com','sha256$1XJg1gYj$8a06e755b36cb248698315460065730cabbecaef553b24f7630f685f9ced3ecf','Tabanan','user_1.jpg','http://127.0.0.1:5000/static/img/profile/user_1.jpg','user'),(3,'test','test','9919191','test@gmail.com','sha256$HC0uyKJn$7bf4d9fdba4ebee108eb619fc266119a3bd835bcce5ee6fca226c5c99adb00f3','tabanana','264e30439c42387c1e3c48d2d038429d--regiane-alves-art-clipart_8.jpg','http://127.0.0.1:5000/static/img/profile/264e30439c42387c1e3c48d2d038429d--regiane-alves-art-clipart_8.jpg','user'),(4,'natagon','I Putu Nata Adhikusuma','081237311256','iputunataadhikusuma@gmail.com','sha256$bT38eiR9$b2b366f06394ba1466769244835fc2dc35a23f6bb3c89977856a3f18346ac384','tabanan','264e30439c42387c1e3c48d2d038429d--regiane-alves-art-clipart_9.jpg','http://127.0.0.1:5000/static/img/profile/264e30439c42387c1e3c48d2d038429d--regiane-alves-art-clipart_9.jpg','admin'),(5,'Dekyani','Yani','087861945060','Yanigusmiari@gmail.com','sha256$4H4yT1lz$e094e86036d4602e328f7d0eda51059670aaa4d2592e7a9c288e8e83b804aa13','tabanan','IMG201712051006511.jpg','http://mambangsehat.com/static/img/profile/IMG201712051006511.jpg','doctor'),(6,'dokter2','dokter2','091111','dokter2@bali.com','sha256$M6rrVfmu$ae372044f69cef218dd8ea180159d0225c8636055c0ccb17c904b41498bba08f','tabanan','264e30439c42387c1e3c48d2d038429d--regiane-alves-art-clipart_11.jpg','http://127.0.0.1:5000/static/img/profile/264e30439c42387c1e3c48d2d038429d--regiane-alves-art-clipart_11.jpg','doctor'),(7,'user1','user1','91919191','user@user.com','sha256$uCvboL0S$b6e32b8bf6cc1696098ae6ad082039b4bec02b36fa320c74a083c9038483e4a4','tabanan','264e30439c42387c1e3c48d2d038429d--regiane-alves-art-clipart_12.jpg','http://127.0.0.1:5000/static/img/profile/264e30439c42387c1e3c48d2d038429d--regiane-alves-art-clipart_12.jpg','user'),(8,'user2','user2','0191828282','user22@gmail.com','sha256$HOEU1iul$8f629c8a7062e0e804a3de8e23a7ad7982e91d4cf45805ab032bc1a6f8fdd999','tabanan','264e30439c42387c1e3c48d2d038429d--regiane-alves-art-clipart_13.jpg','http://127.0.0.1:5000/static/img/profile/264e30439c42387c1e3c48d2d038429d--regiane-alves-art-clipart_13.jpg','user'),(9,'natavira','natagon','818181881','natagon@nata.com','sha256$qoQ5OzU0$413fc0a8b282719c28581133154e10f730eb1605e5bab2626c9bd61c20b1e923','tabanan','264e30439c42387c1e3c48d2d038429d--regiane-alves-art-clipart_15.jpg','http://127.0.0.1:5000/static/img/profile/264e30439c42387c1e3c48d2d038429d--regiane-alves-art-clipart_15.jpg','user'),(10,'viraniax','viranias','1188181','viranataviggon@gmail.com','sha256$Tw9SG30L$7456207f82db091028c91b1e9d34f9f8a0d953e6c741ea8a71184071441c3491','tabanan','264e30439c42387c1e3c48d2d038429d--regiane-alves-art-clipart_16.jpg','http://127.0.0.1:5000/static/img/profile/264e30439c42387c1e3c48d2d038429d--regiane-alves-art-clipart_16.jpg','admin'),(11,'testing2','testing2','727222','testing2@gmail.com','sha256$Ofa8AzwE$e0d405adabbe0f6b13b08d7e51fb17ed86bd3092c17715104b7663fe320dfa5f','tabanan','264e30439c42387c1e3c48d2d038429d--regiane-alves-art-clipart_18.jpg','http://127.0.0.1:5000/static/img/profile/264e30439c42387c1e3c48d2d038429d--regiane-alves-art-clipart_18.jpg','user'),(12,'usersepuluh','User Sepuluh','012345678','usersepuluh@mail.com','sha256$JowJjCud$ad6fc456ce92491e9ca108a1245e4c7cfc50f83d3e83e6de4c6b17f9128ed7c4','Tabanan','user_2.jpg','http://mambangsehat.com/static/img/profile/user_2.jpg','user'),(13,'userbanyak','userbanyak','1111111','userbanyak@userbanyak.com','sha256$vsFloVFS$09828b26309b660dc5d6dcae32ad304cc34016b6a3ae70464ac993911039b0e0','userbanyak','264e30439c42387c1e3c48d2d038429d--regiane-alves-art-clipart_19.jpg','http://127.0.0.1:5000/static/img/profile/264e30439c42387c1e3c48d2d038429d--regiane-alves-art-clipart_19.jpg','user'),(14,'kotaknasi','kotaknasi','1661161616','kotaknasi@kotaknasi.comm','sha256$X2G3pDVm$5bf547a78a8a4cbc3721c99ee6b2695a5baa2f4449ac8acf645e3f9d118cb023','kotaknasi','264e30439c42387c1e3c48d2d038429d--regiane-alves-art-clipart_20.jpg','http://127.0.0.1:5000/static/img/profile/264e30439c42387c1e3c48d2d038429d--regiane-alves-art-clipart_20.jpg','user'),(15,'admin2017','admin2017','22221111','admin2017@admin2017.com','sha256$LzF4e5dc$098b7c476cd207441aed65f7ef4a9ddc6efc8d357aac252f0fe6b5d2cfcae888','admin2017','doctor_PNG16017_2.png','http://mambangsehat.com/static/img/profile/doctor_PNG16017_2.png','admin'),(16,'adminsuck','adminsuck','11111111','adminsuck@adminsuck.com','sha256$PseOFpu9$a10b15298be39e6ce22a21f33a8d553f4303cf8c735f5387a934a1a1e40cb5ec','adminsuck','doctor_PNG16017_1.png','http://127.0.0.1:5000/static/img/profile/doctor_PNG16017_1.png','admin'),(17,'usersebelas','User Sebelas','0812345678','usersebelas@mail.com','sha256$JvLVtaNf$b1f8689d654eb55f48b50ccd64e3b1f47dd0c905e900d5ee812dd63468a2c94f','Tabanan','user_3.jpg','http://mambangsehat.com/static/img/profile/user_3.jpg','user'),(19,'tetetetete','ttetetetete','22772727272','test@gmail.co','sha256$8riRfAqf$4a312f52e9bd1ced466ca671a931742a6d64c49cb7ad5a42046579712934a08d','tabanana','DSCF4301.jpg','http://mambangsehat.com/static/img/profile/DSCF4301.jpg','user'),(20,'tabanan','tabanan','88282882','lokerpost.com@gmail.com','sha256$DSYPHTDc$ebd774a4320ea59e6dbc01aa24c7974faf6d9899cd72873f01b164b02c13cf83','tabanan','4_1.jpg','http://mambangsehat.com/static/img/profile/4_1.jpg','user'),(21,'pak putu','pak putu','0811225717','putu.suartika@mahasera.com','sha256$XMefemtd$34df22c46c92ed3222d34585d907354c5c0758c790e0fcefc1e74dd3308a6419','Bandung','pakputu.png','http://mambangsehat.compakputu.png','admin'),(22,'uuuuuuuuu','uuuuuuuuu','uuuuuuuuu','uuuuuuuuu@uuuuuuuuu.com','sha256$r96kfe9S$7ece86ed7aec41fe73c596ee4ee6ff1ea8e78b4adbf4db85b5812197d5f0e048','uuuuuuuuu','a.jpg','http://mambangsehat.com/static/img/profile/a.jpg','user');
/*!40000 ALTER TABLE `user` ENABLE KEYS */;
UNLOCK TABLES;
/*!40103 SET TIME_ZONE=@OLD_TIME_ZONE */;

/*!40101 SET SQL_MODE=@OLD_SQL_MODE */;
/*!40014 SET FOREIGN_KEY_CHECKS=@OLD_FOREIGN_KEY_CHECKS */;
/*!40014 SET UNIQUE_CHECKS=@OLD_UNIQUE_CHECKS */;
/*!40101 SET CHARACTER_SET_CLIENT=@OLD_CHARACTER_SET_CLIENT */;
/*!40101 SET CHARACTER_SET_RESULTS=@OLD_CHARACTER_SET_RESULTS */;
/*!40101 SET COLLATION_CONNECTION=@OLD_COLLATION_CONNECTION */;
/*!40111 SET SQL_NOTES=@OLD_SQL_NOTES */;

-- Dump completed on 2018-04-16  9:35:29
